nazwa_stacji,szerokosc_geo,dlugosc_geo
Hilltop,40.7311689,-74.0575736
4 St & River St,40.7408139,-74.0274062
Dixon Mills,40.721630142638354,-74.04996782541275
5 Corners Library,40.734961020009514,-74.0595030784607
River St & 1 St,40.73721535335381,-74.02886540972803
Van Vorst Park,40.71848892,-74.047726625
11 St & Washington St,40.74998490907138,-74.02715027332306
8 St & Washington St,40.745983882915624,-74.02819901704788
2 St & Park Ave,40.73915272763701,-74.0330819785595
14 St Ferry - 14 St & Shipyard Ln,40.752960630464955,-74.02435272932053
Pershing Field,40.742677141,-74.051788633
Bloomfield St & 15 St,40.75453,-74.02658
Montgomery St,40.71942,-74.05099
6 St & Grand St,40.7443978330956,-74.03450086712837
Church Sq Park - 5 St & Park Ave,40.74265933273143,-74.03223305940628
York St & Marin Blvd,40.716615000830494,-74.0424120426178
Union St,40.7182113,-74.0836394
Morris Canal,40.7124188237569,-74.03852552175522
Glenwood Ave,40.72755146730012,-74.07106071710587
Brunswick & 6th,40.72601172964625,-74.05038893222809
Hoboken Terminal - Hudson St & Hudson Pl,40.73593758446329,-74.03030455112457
Madison St & 10 St,40.74994325412246,-74.03586477041245
Heights Elevator,40.748715945380226,-74.04044330120087
Newark Ave,40.72152515,-74.046304543
Monroe St & 11 St,40.7501091128573,-74.036636745998
Jackson Square,40.71113,-74.0789
Grove St PATH,40.71941,-74.04309
Marin Light Rail,40.71458403535893,-74.04281705617905
Harborside,40.7192517,-74.034234
Warren St,40.7211236,-74.03805095
Newport Pkwy,40.7287448,-74.0321082
Communipaw & Berry Lane,40.71435836870427,-74.06661093235016
Adams St & 12 St,40.751889392240685,-74.03329162748534
Bergen Ave & Stegman St,40.70657545063453,-74.0867006778717
Newport PATH,40.7272235,-74.0337589
Bergen Ave,40.722103786686034,-74.07145500183105
Lafayette Park,40.71346382669195,-74.06285852193832
Madison St & 1 St,40.73879,-74.0393
Columbus Park - Clinton St & 9 St,40.74816121065146,-74.0324530005455
Lincoln Park,40.7246050998869,-74.07840594649315
Clinton St & Newark St,40.73743,-74.03571
Grand St,40.71517767732029,-74.03768330812454
JC Medical Center,40.71539114317,-74.04969155788422
Jersey & 3rd,40.72333158646436,-74.04595255851744
McGinley Square,40.7253399253558,-74.06762212514877
Astor Place,40.71928220070702,-74.07126188278198
Adams St & 2 St,40.73981372311843,-74.03690412640572
Paulus Hook,40.7141454,-74.0335519
Stevens - River Ter & 6 St,40.74313282710551,-74.02698867022991
Hamilton Park,40.727595966,-74.044247311
Oakland Ave,40.7376037,-74.0524783
Hoboken Terminal - River St & Hudson Pl,40.7360676564825,-74.02912706136703
Grand St & 14 St,40.75409,-74.0316
Leonard Gordon Park,40.74590996631558,-74.0572714805603
Dey St,40.737711,-74.066921
Mama Johnson Field - 4 St & Jackson St,40.74313993965626,-74.04004096984863
Southwest Park - Jackson St & Observer Hwy,40.73755127245804,-74.04166370630264
Washington St,40.7242941,-74.0354826
9 St HBLR - Jackson St & 8 St,40.74790720968899,-74.03841152787209
Liberty Light Rail,40.7112423,-74.0557013
City Hall,40.7177325,-74.043845
Essex Light Rail,40.7127742,-74.0364857
Jersey & 6th St,40.72528910781132,-74.04557168483734
12 St & Sinatra Dr N,40.75060414236896,-74.02402013540268
Clinton St & 7 St,40.74542,-74.03332
Willow Ave & 12 St,40.7518674823282,-74.03037697076797
Bergen Ave & Sip Ave,40.73100888698729,-74.06443700194359
Fairmount Ave,40.72572613742557,-74.07195925712585
City Hall - Washington St & 1 St,40.73736,-74.03097
Exchange Pl,40.71636596185077,-74.034343957901
Riverview Park,40.7443187,-74.0439909
7 St & Monroe St,40.74641264837719,-74.03797701001167
Columbus Drive,40.71835519823214,-74.03891444206238
South Waterfront Walkway - Sinatra Dr & 1 St,40.73698221818716,-74.02778059244156
Christ Hospital,40.734785818,-74.050443636
Grant Ave & MLK Dr,40.70919832245443,-74.08084273338318
4 St & Grand St,40.7422579775645,-74.03511106967926
Monmouth and 6th,40.72568548362901,-74.04879033565521
Monmouth & 6th,40.72568548362901,-74.04879033565521
Marshall St & 2 St,40.740802,-74.042521
Brunswick St,40.7241765,-74.0506564
Manila & 1st,40.721650724879986,-74.04288411140442
Journal Square,40.73367,-74.0625
Hoboken Ave at Monmouth St,40.73520838045357,-74.04696375131607
Baldwin at Montgomery,40.7236589,-74.0641943
River St & Newark St,40.73672227316331,-74.02900660353771
Newark St & Washington St,40.73681,-74.0309
Clinton St & Grand St,40.71559509,-73.9870295
E 40 St & 5 Ave,40.752062307,-73.9816324043
Water St & Gouverneur Ln,40.70469667894968,-74.00803416967392
11 Ave & W 27 St,40.751396,-74.005226
W 17 St & 8 Ave,40.74177603,-74.00149746
8 Ave & W 16 St,40.740983,-74.001702
Market St & Cherry St,40.71076228,-73.99400398
N 15 St & Wythe Ave,40.724055,-73.955736
Central Park S & Grand Army Plaza,40.764555,-73.973473
Amsterdam Ave & W 66 St,40.7746671,-73.98470567
10 Ave & W 14 St,40.741981599940225,-74.00831580162048
W 16 St & The High Line,40.74334935,-74.00681753
Pier 61 at Chelsea Piers,40.746872,-74.00821
12 Ave & W 40 St,40.76087502,-74.00277668
9 Ave & W 18 St,40.74317449,-74.00366443
Little West St & 1 Pl,40.70569254,-74.01677685
Broadway & Battery Pl,40.70463334,-74.01361706
Spring St & Hudson St,40.72583996792375,-74.0076532959938
River Ter & Warren St,40.71759894980997,-74.01587963104248
South End Ave & Albany St,40.709957,-74.016538
Mercer St & Spring St,40.72362738,-73.99949601
E 56 St & 3 Ave,40.75934501,-73.96759673
Liberty St & Broadway,40.70905623,-74.01043382
Orchard St & Grand St,40.717318403855785,-73.99067759513855
W 34 St & Hudson Blvd E,40.75516719072139,-74.00059908628464
9 Ave & W 22 St,40.7454973,-74.00197139
Wythe Ave & N 13 St,40.722767,-73.957021
Leonard St & Church St,40.717571,-74.005549
7 Ave & Central Park South,40.7667405590595,-73.9790689945221
Fulton St & William St,40.70960089363537,-74.00655090808868
Vesey Pl & River Terrace,40.7153379,-74.01658354
Christopher St & Greenwich St,40.73291553,-74.00711384
West St & Chambers St,40.71754834,-74.01322069
Greenwich St & Hubert St,40.721319,-74.010065
Lafayette St & Jersey St,40.72456089,-73.99565293
6 Ave & Walker St,40.7197920901383,-74.0052238852195
8 Ave & W 38 St,40.75461,-73.99177
Cleveland Pl & Spring St,40.722103786686034,-73.99724900722504
E 35 St & Madison Ave,40.74848023448579,-73.98255586624146
W 44 St & 5 Ave,40.75500254,-73.98014437
W 59 St & 10 Ave,40.770513,-73.988038
Underhill Ave & Pacific St,40.6804836,-73.9646795
Pearl St & Hanover Square,40.7047177,-74.00926027
Greenwich St & W Houston St,40.728846,-74.008591
Howard St & Lafayette St,40.71910537,-73.99973337
W 34 St & 11 Ave,40.75594159,-74.0021163
Vesey St & Greenwich St,40.71254669463547,-74.01113051087516
31 Pl & Hunters Point Ave,40.74021356884924,-73.93537044525146
Grand St & Greene St,40.72170005235607,-74.00238141417502
North Moore St & Greenwich St,40.72019521437465,-74.0103006362915
9 Ave & W 33 St,40.752568,-73.996765
W 33 St & 10 Ave,40.753773368360385,-73.99937599897385
West Thames St,40.70834698,-74.01713445
E 40 St & Park Ave,40.750756,-73.978326
Bleecker St & Crosby St,40.72615604980408,-73.99510189890862
W 56 St & 8 Ave,40.765959181657976,-73.98313522338867
W 40 St & 7 Ave,40.754818,-73.988154
E 5 St & Cooper Sq,40.72769,-73.990993
South St & Whitehall St,40.70122128,-74.01234218
Greenwich Ave & 8 Ave,40.7390169121,-74.0026376103
Pearl St & Whitehall St,40.703144,-74.013178
N 12 St & Bedford Ave,40.72079821,-73.95484712
1 Ave & E 38 St,40.746202,-73.971822
West St & Liberty St,40.711444,-74.014847
Eastern Pkwy & Washington Ave,40.6716493,-73.9631145
Greene St & Prince St,40.72511734422387,-73.99930492043495
1 Ave & E 6 St,40.72633085971696,-73.98616880178452
3 Ave & E 62 St,40.76313,-73.96527
4 Ave & E 12 St,40.732647,-73.99011
Reade St & Broadway,40.71450451,-74.00562789
Carmine St & 6 Ave,40.73038599,-74.00214988
W 51 St & 6 Ave,40.7606597,-73.98042047
Park Circle & East Dr,40.651566,-73.972212
E 43 St & Madison Ave,40.75354681867074,-73.97896572947502
Warren St & Court St,40.686371,-73.99383324
Barclay St & Church St,40.71291224,-74.01020234
Greenwich St & Rector St,40.70806582380646,-74.0135595202446
Madison Ave & E 26 St,40.742684734875695,-73.98671329021454
5 Ave & E 72 St,40.77282817,-73.96685276
Sullivan St & Washington Sq,40.73047747,-73.99906065
Central Park W & W 76 St,40.77896784,-73.97374737
Clermont Ave & Lafayette Ave,40.68764484,-73.96968902
W 52 St & 6 Ave,40.76132983124814,-73.97982001304626
6 Ave & W 33 St,40.74901271,-73.98848395
Hudson Blvd W & W 36 St,40.75676475086503,-73.99971440439913
Windsor Pl & Howard Pl,40.659490558938955,-73.98013919591904
5 Ave & E 63 St,40.766368,-73.971518
W 37 St & Broadway,40.75227093837409,-73.98770570755005
South St & Gouverneur Ln,40.70355377,-74.00670227
Bedford Ave & Nassau Ave,40.72311651,-73.95212324
W 21 St & 6 Ave,40.74173969,-73.99415556
Kenmare St & Elizabeth St,40.72054,-73.9949
W 20 St & 10 Ave,40.745686,-74.005141
W 15 St & 10 Ave,40.742753828659026,-74.00747358798981
E 1 St & Bowery,40.72486122254819,-73.99213135242462
Peck Slip & South St,40.7075188830923,-74.00108054280281
W 25 St & 6 Ave,40.74395411,-73.99144871
N 6 St & Bedford Ave,40.71745169,-73.95850939
E 11 St & 3 Ave,40.73127,-73.98849
Murray St & West St,40.71503,-74.01246
Murray St & Greenwich St,40.71485150526251,-74.01122331619263
Fulton St & Clermont Ave,40.68415748,-73.96922273
Cliff St & Fulton St,40.70838,-74.00495
Vesey St & Church St,40.71221958009051,-74.01047229766846
W 47 St & 10 Ave,40.76269882,-73.99301222
N 10 St & Berry St,40.720253,-73.957082
E 4 St & 2 Ave,40.7262807,-73.98978041
W 15 St & 7 Ave,40.73935542,-73.99931783
W 27 St & 7 Ave,40.74665,-73.99392
Warren St & W Broadway,40.71473993,-74.00910627
Broad St & Bridge St,40.70365182,-74.01167797
Fulton St & Broadway,40.711066,-74.009447
Carroll St & Smith St,40.680611,-73.99475825
Washington St & Laight St,40.72231,-74.0106
Norfolk St & Broome St,40.7172274,-73.98802084
Hudson St & Reade St,40.71625008,-74.0091059
9 Ave & W 39 St,40.756403523272496,-73.99410143494606
Broadway & Morris St,40.705945132708806,-74.01321887969969
LaGuardia Pl & W 3 St,40.72917025,-73.99810231
10 St & 7 Ave,40.6662078,-73.98199886
Parkside Ave & Flatbush Ave,40.65563,-73.95968
William St & Pine St,40.70717936,-74.00887308
Pier 40 - Hudson River Park,40.7277140777778,-74.01129573583603
E 15 St & 5 Ave,40.736592,-73.992949
Bus Slip & State St,40.701907,-74.013942
Broadway & W 53 St,40.76344058,-73.98268129
6 Ave & W 45 St,40.756951,-73.982631
8 Ave & W 31 St,40.7505853470215,-73.9946848154068
8 Ave & W 33 St,40.751551,-73.993934
E 58 St & Madison Ave,40.76302594280519,-73.97209525108337
Albany St & Greenwich St,40.709267,-74.013247
Centre St & Chambers St,40.71273266,-74.0046073
Harrison St & Hudson St,40.71870987,-74.0090009
Atlantic Ave & Fort Greene Pl,40.68382604,-73.97632328
W 42 St & 6 Ave,40.75492,-73.98455
Franklin Ave & Quincy St,40.68636,-73.95678
W 27 St & 6 Ave,40.74526,-73.99062
W 47 St & 9 Ave,40.76153045158114,-73.99007007479668
Great Jones St,40.72743423,-73.99379025
Barrow St & Hudson St,40.73172428,-74.00674436
W 20 St & 8 Ave,40.74345335,-74.00004031
Broadway & W 142 St,40.824686,-73.951947
Broadway & W 29 St,40.7462009,-73.98855723
E 27 St & 1 Ave,40.739445,-73.976806
Delancey St & Eldridge St,40.719383,-73.991479
Broadway & W 61 St,40.77003010255044,-73.9819684624672
3 Ave & E 71 St,40.76879,-73.9614
Park Ave & E 42 St,40.751873,-73.977706
Centre St & Worth St,40.71494807,-74.00234482
W 20 St & 11 Ave,40.746745,-74.007756
Broadway & W 48 St,40.76017739537783,-73.98486793041229
Park Ave & E 41 St,40.751581,-73.97791
Morton St & Greenwich St,40.73115,-74.00887
Central Park S & 6 Ave,40.76590936,-73.97634151
Rivington St & Chrystie St,40.72110063,-73.9919254
11 Ave & W 59 St,40.77149671054441,-73.99046033620834
E 55 St & 2 Ave,40.75797322,-73.96603308
Spruce St & Nassau St,40.71146364,-74.00552427
W 29 St & 9 Ave,40.7500727,-73.99839279
Maiden Ln & Pearl St,40.70706456,-74.00731853
W 82 St & Central Park W,40.78275,-73.97137
W 47 St & 6 Ave,40.758154,-73.981957
Mercer St & Bleecker St,40.72706363348306,-73.99662137031554
Old Slip & South St,40.70336686695866,-74.007867872715
Church St & Worth St,40.71688538495366,-74.00650128722191
Park Ave & E 40 St,40.75112,-73.97851
W 30 St & 10 Ave,40.752694,-74.002353
Nassau Ave & Russell St,40.72557,-73.94434
W 37 St & 5 Ave,40.75038009,-73.98338988
Columbus Ave & W 59 St,40.76931,-73.98464
DeKalb Ave & Franklin Ave,40.69064807082943,-73.95746178925037
Academy St & Nagle Ave,40.862562,-73.922661
Watts St & Greenwich St,40.72405549,-74.00965965
W 52 St & 5 Ave,40.75992262,-73.97648516
E 72 St & York Ave,40.76663814,-73.95348296
MacDougal St & Prince St,40.72710258,-74.00297088
W 44 St & 11 Ave,40.762009,-73.996975
Banker St & Meserole Ave,40.72606,-73.95621
Broadway & W 58 St,40.76695317,-73.98169333
W 48 St &  Rockefeller Plaza,40.75776935448309,-73.97929430007935
Driggs Ave & N 9 St,40.71816969454208,-73.95520135760307
Henry St & Atlantic Ave,40.69089272,-73.99612349
W 11 St & 6 Ave,40.73532427,-73.99800419
3 St & Prospect Park West,40.668132,-73.97363831
W 45 St & 8 Ave,40.75929124,-73.98859651
W 18 St & 9 Ave,40.7435337324616,-74.00367558002472
E 12 St & 3 Ave,40.73223272,-73.98889957
Stanton St & Norfolk St,40.720747,-73.986274
W 15 St & 6 Ave,40.738046142482766,-73.99642959237099
S 3 St & Bedford Ave,40.71260486,-73.96264403
Canal St & Rutgers St,40.71427487,-73.98990025
W 64 St & Thelonious Monk Circle,40.77515953434235,-73.98918695747852
